,Well_ID,well_coordinates,Amp_batch_ID,Cell_barcode,Seq_batch_ID,Pool_barcode,Pool_barcode_i5,Number_of_cells,annotation,sample_name,selection_marker,source_name,tissue,patient_id,organism,batch,n_genes,n_counts,n_genes_by_counts,total_counts,total_counts_mt,pct_counts_mt,cell_type
WMC2602528_9,WMC2602528,P24,AB10164,CACGTAT,SB400,CGATAGGA,CATAAGCC,1,Fibro_COCH,GSM5837015,CD45+,Forearm skin,Skin,Ctrl054,Homo sapiens,9,495,1056,495,1056,298,28.219696969696972,Fibroblasts
WMC3085976_24,WMC3085976,P22,AB11423,TCGTAGC,SB416,GGTTGCGA,GCCTCCAC,1,Peri_TGFBI,GSM5837030,CD45+,Forearm skin,Skin,GVHD_pt003,Homo sapiens,24,389,726,389,726,164,22.58953168044077,Pericytes
WMC3087111_27,WMC3087111,N18,AB11426,TTAGGCA,SB416,GTCTACAC,GCTACCTC,1,Vascular_ACKR1,GSM5837033,CD45+,Forearm skin,Skin,GVHD_pt001,Homo sapiens,27,1625,3376,1625,3376,399,11.81872037914692,Vascular endothelial cells
WMC3258400_33,WMC3258400,P24,AB11872,CACGTAT,SB421,GGTTGCGA,GCCTCCAC,1,Peri_RGS5,GSM5837039,CD90+,Forearm skin,Skin,GVHD_pt002,Homo sapiens,33,482,1020,482,1020,275,26.96078431372549,Pericytes
WMC3260694_39,WMC3260694,L22,AB11878,GTCCATA,SB421,TATACGGC,GTATCTCG,1,Fibro_PTGDS,GSM5837045,CD45+,Forearm skin,Skin,pt03030,Homo sapiens,39,668,1458,668,1458,302,20.713305898491083,Fibroblasts
WMC3262991_45,WMC3262991,N20,AB11884,GTCCAAG,SB421,TCGAGCAT,GCGCCTGA,1,Fibro_POSTN,GSM5837051,CD45+,Forearm skin,Skin,pt03031,Homo sapiens,45,466,945,466,945,225,23.809523809523807,Fibroblasts
WMC3536025_47,WMC3536025,B24,AB12595,TAGCCGA,SB427,CTCGGAGA,ACTCGACA,1,Fibro_COMP,GSM5837053,CD90+,Forearm skin,Skin,GVHD_pt004,Homo sapiens,47,455,873,455,873,183,20.962199312714777,Fibroblasts
WMC3811357_58,WMC3811357,P21,AB13313,TGCGTCACT,SB433,GACGCGTC,ACTTCCGC,1,Vascular_RBP7,GSM5837064,CD90+,Forearm skin,Skin,pt01047,Homo sapiens,58,468,789,468,789,112,14.195183776932826,Vascular endothelial cells
WMC3812893_62,WMC3812893,P21,AB13317,ACGGTGTGG,SB433,TTCGCAGT,GTAGCAAC,1,Vascular_RBP7,GSM5837068,CD90+,Forearm skin,Skin,pt01048,Homo sapiens,62,703,1230,703,1230,346,28.13008130081301,Vascular endothelial cells
WMC3818269_69,WMC3818269,P21,AB13331,ACGGTGTGG,SB433,TCGCATCA,TCTGTACG,1,Fibro_LGR5,GSM5837075,CD90+,Forearm skin,Skin,Hip,Homo sapiens,69,1086,2412,1086,2412,444,18.407960199004975,Fibroblasts
WMC3819736_73,WMC3819736,M24,AB13335,GGTTCAATA,SB433,ACACTGGC,GCGTAGTT,1,Fibro_LGR5,GSM5837079,CD90+,Forearm skin,Skin,Ctrl055,Homo sapiens,73,457,721,457,721,121,16.78224687933426,Fibroblasts
WMC3821485_78,WMC3821485,F21,AB13340,CCGTGAACA,SB433,CATCGACT,CCTCGACA,1,Vascular_RBP7,GSM5837084,CD90+,Forearm skin,Skin,GVHD_pt007,Homo sapiens,78,399,682,399,682,152,22.28739002932551,Vascular endothelial cells
WMC3821912_79,WMC3821912,H16,AB13341,GCTTATCAA,SB433,CTCAGTGG,CGCTAGTG,1,Fibro_POSTN,GSM5837085,CD90+,Forearm skin,Skin,pt01053,Homo sapiens,79,492,1135,492,1135,281,24.75770925110132,Fibroblasts
WMC3822484_80,WMC3822484,P12,AB13342,GGCAAGTCT,SB433,ATGCGGCC,ATGCCGCA,1,Fibro_LGR5,GSM5837086,CD90+,Forearm skin,Skin,GVHD_pt006,Homo sapiens,80,541,988,541,988,279,28.238866396761132,Fibroblasts
WMC3822879_81,WMC3822879,P23,AB13343,TTGACGGCG,SB433,CGTGATCA,TATGACGC,1,Fibro_COMP,GSM5837087,CD90+,Forearm skin,Skin,GVHD_pt005,Homo sapiens,81,584,1019,584,1019,143,14.033366045142296,Fibroblasts
WMC3860890_94,WMC3860890,P18,AB13442,GCTCGGCGA,SB433,CCGACTAT,ACCGCACT,1,Fibro_LGR5,GSM5837100,CD90+,Forearm skin,Skin,pt03033,Homo sapiens,94,465,772,465,772,122,15.803108808290157,Fibroblasts
WMC3863190_100,WMC3863190,P14,AB13448,GACCATAGC,SB433,GTACGGCT,GCAGTGCA,1,Fibro_LGR5,GSM5837106,CD90+,Forearm skin,Skin,pt03032,Homo sapiens,100,736,1223,736,1223,119,9.730171708912511,Fibroblasts
WMC3865767_107,WMC3865767,K23,AB13455,CTGCCGAAC,SB433,CCGTTGAT,GTGACCGT,1,Fibro_ACTA2,GSM5837113,CD90+,Forearm skin,Skin,Ctrl056,Homo sapiens,107,374,655,374,655,108,16.48854961832061,Fibroblasts
WMC3989152_109,WMC3989152,P24,AB13776,CACGTAT,SB436,GTGATCGC,GGTCGGAG,1,Fibro_LGR5,GSM5837115,CD90+,Forearm skin,Skin,Ctrl060,Homo sapiens,109,1021,2441,1021,2441,501,20.524375256042607,Fibroblasts
WMC3992992_119,WMC3992992,P24,AB13786,CACGTAT,SB436,GGCACTCC,GATGATCG,1,Peri_TGFBI,GSM5837125,CD90+,Forearm skin,Skin,pt01049,Homo sapiens,119,1159,2456,1159,2456,441,17.95602605863192,Pericytes
WMC4001824_136,WMC4001824,P24,AB13809,CACGTAT,SB436,TCTCCACG,CGCAATGT,1,Fibro_MYOC2,GSM5837142,CD90+,Forearm skin,Skin,pt01051,Homo sapiens,136,497,861,497,861,197,22.880371660859467,Fibroblasts
WMC4008352_153,WMC4008352,P24,AB13826,CACGTAT,SB437,TATGTGCG,CAGCTCTT,1,Fibro_MYOC1,GSM5837159,CD90+,Forearm skin,Skin,pt01050,Homo sapiens,153,1826,4330,1826,4330,851,19.653579676674365,Fibroblasts
WMC4009884_157,WMC4009884,H24,AB13830,GGACATT,SB437,GCAATACG,CGGCTAAT,1,Fibro_ACTA2,GSM5837163,CD90+,Forearm skin,Skin,pt01052,Homo sapiens,157,1187,2820,1187,2820,561,19.893617021276597,Fibroblasts
WMC4013341_166,WMC4013341,J24,AB13839,ATTCAGC,SB437,AATCACGC,TAGGCACC,1,Fibro_POSTN,GSM5837172,CD90+,Forearm skin,Skin,pt01054,Homo sapiens,166,878,2090,878,2090,307,14.688995215311005,Fibroblasts
WMC4018715_171,WMC4018715,F24,AB13853,TTACTGC,SB437,ACGGTAGG,TGTGACCA,1,Fibro_LGR5,GSM5837177,CD90+,Forearm skin,Skin,Morphea_pt001,Homo sapiens,171,743,1750,743,1750,436,24.914285714285715,Fibroblasts
WMC4020633_173,WMC4020633,B24,AB13858,TAGCCGA,SB437,CACGCTTA,CTTAAGCC,1,Fibro_LGR5,GSM5837179,CD90+,Forearm skin,Skin,Ctrl_pool,Homo sapiens,173,1632,4025,1632,4025,650,16.149068322981368,Fibroblasts
WMC4123931_181,WMC4123931,F24,AB14127,TTACTGC,SB440,TCAGCACC,CTTCGAAC,1,Fibro_LGR5,GSM5837187,CD90+,Forearm skin,Skin,Morphea_pt002,Homo sapiens,181,1774,4063,1774,4063,728,17.917794732955944,Fibroblasts
WMC4128540_186,WMC4128540,H24,AB14139,GGACATT,SB440,CAGTCCTA,GTCCTACG,1,Fibro_MYOC2,GSM5837192,CD90+,Forearm skin,Skin,Morphea_pt003,Homo sapiens,186,487,763,487,763,71,9.305373525557012,Fibroblasts
WMC4138911_187,WMC4138911,N24,AB14256,TGAAGCT,SB443,CATTCTCG,GTCTCGGA,1,Vascular_ACKR1,GSM5837193,CD90+,Forearm skin,Skin,pt03034,Homo sapiens,187,1144,2061,1144,2061,225,10.91703056768559,Vascular endothelial cells
WMC4140448_191,WMC4140448,P24,AB14260,CACGTAT,SB443,GGACTAGG,TGAGGACA,1,Fibro_PTGDS,GSM5837197,CD90+,Forearm skin,Skin,pt03035,Homo sapiens,191,859,1796,859,1796,372,20.71269487750557,Fibroblasts
WMC4142366_196,WMC4142366,L24,AB14265,ATTCGCG,SB443,GCAATACG,CGGCTAAT,1,Fibro_LGR5,GSM5837202,CD90+,Forearm skin,Skin,GVHD_pt008,Homo sapiens,196,378,1161,378,1161,328,28.251507321274765,Fibroblasts
WMC1330336_210,WMC1330336,P24,AB6848,CACGTAT,SB333,GTGATCGC,,1,sT,GSM5837216,CD45+,Forearm skin,Skin,pt01005,Homo sapiens,210,541,992,541,992,192,19.35483870967742,T cells
WMC1331101_212,WMC1331101,J24,AB6850,ATTCAGC,SB333,GACGTCCG,,1,sTreg,GSM5837218,CD45+,Forearm skin,Skin,pt01004,Homo sapiens,212,1225,3657,1225,3657,726,19.85233798195242,T cells
WMC1336863_227,WMC1336863,N24,AB6865,TGAAGCT,SB334,CATGAGAG,,1,Vascular_ACKR1,GSM5837233,CD90+,Forearm skin,Skin,pt02002,Homo sapiens,227,732,1669,732,1669,344,20.61114439784302,Vascular endothelial cells
WMC1354910_236,WMC1354910,L24,AB6912,ATTCGCG,SB336,CGTCATGT,,1,Peri_RGS5,GSM5837242,CD90+,Forearm skin,Skin,pt01007,Homo sapiens,236,924,2480,924,2480,505,20.362903225806452,Pericytes
WMC1355678_238,WMC1355678,L24,AB6914,ATTCGCG,SB336,CATGAGAG,,1,Fibro_LGR5,GSM5837244,CD90+,Forearm skin,Skin,Ctrl002,Homo sapiens,238,855,1995,855,1995,420,21.052631578947366,Fibroblasts
WMC1412126_243,WMC1412126,L24,AB7061,ATTCGCG,SB340,GGACCGTC,,1,Peri_TGFBI,GSM5837249,CD90+,Forearm skin,Skin,Ctrl004,Homo sapiens,243,456,826,456,826,126,15.254237288135593,Pericytes
WMC1413280_246,WMC1413280,P24,AB7064,CACGTAT,SB340,GTGTTCCA,,1,Fibro_LGR5,GSM5837252,CD90+,Forearm skin,Skin,Ctrl005,Homo sapiens,246,921,2003,921,2003,434,21.66749875187219,Fibroblasts
WMC1414048_248,WMC1414048,P24,AB7066,CACGTAT,SB340,AGCGCTCG,,1,DC,GSM5837254,CD45+,Forearm skin,Skin,pt01006,Homo sapiens,248,490,694,490,694,44,6.340057636887608,cDC
WMC1414814_250,WMC1414814,L24,AB7068,ATTCGCG,SB340,ACACGAGT,,1,Fibro_MYOC1,GSM5837256,CD90+,Forearm skin,Skin,Ctrl006,Homo sapiens,250,577,1255,577,1255,343,27.330677290836654,Fibroblasts
WMC1416732_253,WMC1416732,H24,AB7073,GGACATT,SB340,AGAACGTG,,1,KRT14_ACTA2,GSM5837259,CD90+,Forearm skin,Skin,Ctrl007,Homo sapiens,253,484,906,484,906,255,28.14569536423841,Keratinocytes
WMC1417888_256,WMC1417888,P24,AB7076,CACGTAT,SB340,CGCCAGTA,,1,sT,GSM5837262,CD45+,Forearm skin,Skin,pt01001,Homo sapiens,256,738,1372,738,1372,223,16.253644314868804,T cells
WMC1418655_258,WMC1418655,N24,AB7078,TGAAGCT,SB340,TGATGACC,,1,Fibro_ACTA2,GSM5837264,CD90+,Forearm skin,Skin,pt01002,Homo sapiens,258,1337,3000,1337,3000,613,20.433333333333334,Fibroblasts
WMC1419806_261,WMC1419806,L24,AB7081,ATTCGCG,SB340,CCGTTGAT,,1,Fibro_COMP,GSM5837267,CD90+,Forearm skin,Skin,pt01008,Homo sapiens,261,518,964,518,964,210,21.78423236514523,Fibroblasts
WMC1420573_263,WMC1420573,J24,AB7083,ATTCAGC,SB340,CAGTCCTA,,1,Fibro_LGR5,GSM5837269,CD90+,Forearm skin,Skin,pt02003,Homo sapiens,263,614,1149,614,1149,232,20.191470844212358,Fibroblasts
WMC1456287_268,WMC1456287,N24,AB7176,TGAAGCT,SB344,GGACCGTC,,1,Peri_TGFBI,GSM5837274,CD90+,Forearm skin,Skin,pt01012,Homo sapiens,268,539,910,539,910,201,22.087912087912088,Pericytes
WMC1456670_269,WMC1456670,L24,AB7177,ATTCGCG,SB344,GAGCCTAA,,1,T_Naive,GSM5837275,CD45+,Forearm skin,Skin,pt01010,Homo sapiens,269,300,605,300,605,122,20.165289256198346,T cells
WMC1457053_270,WMC1457053,J24,AB7178,ATTCAGC,SB344,GGCATCGT,,1,Peri_TGFBI,GSM5837276,CD90+,Forearm skin,Skin,pt01011,Homo sapiens,270,586,1138,586,1138,243,21.353251318101936,Pericytes
WMC1457824_272,WMC1457824,P24,AB7180,CACGTAT,SB344,GACGTCCG,,1,Fibro_COCH,GSM5837278,CD90+,Forearm skin,Skin,pt02004,Homo sapiens,272,1595,3109,1595,3109,390,12.544226439369572,Fibroblasts
WMC1458976_275,WMC1458976,P24,AB7183,CACGTAT,SB344,CCGTTGAT,,1,sT_Effector,GSM5837281,CD45+,Forearm skin,Skin,Ctrl008,Homo sapiens,275,308,562,308,562,160,28.46975088967972,T cells
WMC1459331_276,WMC1459331,F18,AB7184,TAGAGCC,SB344,TAGGAGTC,,1,NK_XCL1_CXCR4,GSM5837282,CD45+,Forearm skin,Skin,pt01009,Homo sapiens,276,808,1861,808,1861,378,20.31166039763568,NK cells
WMC1469728_292,WMC1469728,P24,AB7213,CACGTAT,SB345,CGTCATGT,,1,T_Effector,GSM5837298,CD45+,Forearm skin,Skin,pt02006,Homo sapiens,292,778,1381,778,1381,202,14.627081824764662,T cells
WMC1470111_293,WMC1470111,N24,AB7214,TGAAGCT,SB345,TGATGACC,,1,Mf_TREM2,GSM5837299,CD45+,Forearm skin,Skin,pt01013,Homo sapiens,293,990,2689,990,2689,734,27.296392711044998,Macrophages
WMC1470880_295,WMC1470880,P24,AB7216,CACGTAT,SB345,CATGAGAG,,1,NK,GSM5837301,CD45+,Forearm skin,Skin,pt02005,Homo sapiens,295,1112,1895,1112,1895,164,8.654353562005277,NK cells
WMC1471648_297,WMC1471648,P24,AB7218,CACGTAT,SB345,AAGCTGGA,,1,Mf,GSM5837303,CD45+,Forearm skin,Skin,Ctrl001,Homo sapiens,297,666,1552,666,1552,383,24.677835051546392,Macrophages
WMC1490463_300,WMC1490463,N24,AB7267,TGAAGCT,SB347,CATGAGAG,,1,T_Effector,GSM5837306,CD45+,Forearm skin,Skin,pt03003,Homo sapiens,300,349,612,349,612,110,17.973856209150327,T cells
WMC1491610_303,WMC1491610,D24,AB7270,TGGCTAT,SB347,ACTGCACT,,1,Mast,GSM5837309,CD45+,Forearm skin,Skin,pt03004,Homo sapiens,303,514,885,514,885,120,13.559322033898304,Mast cells
WMC1493536_308,WMC1493536,P24,AB7275,CACGTAT,SB347,GCTACCAC,,1,DC,GSM5837314,CD45+,Forearm skin,Skin,Ctrl013,Homo sapiens,308,360,715,360,715,176,24.615384615384617,cDC
WMC1494301_310,WMC1494301,J24,AB7277,ATTCAGC,SB347,GGCGCCAT,,1,DC,GSM5837316,CD45+,Forearm skin,Skin,Ctrl011,Homo sapiens,310,551,1422,551,1422,334,23.488045007032348,cDC
WMC1495068_312,WMC1495068,H24,AB7279,GGACATT,SB347,AGCTTCAG,,1,DC,GSM5837318,CD45+,Forearm skin,Skin,Ctrl012,Homo sapiens,312,612,1515,612,1515,290,19.141914191419144,cDC
WMC1496223_315,WMC1496223,N24,AB7282,TGAAGCT,SB347,GGCATCGT,,1,Fibro_IGFBP2,GSM5837321,CD90+,Forearm skin,Skin,pt03001,Homo sapiens,315,412,719,412,719,182,25.312934631432544,Fibroblasts
WMC1496602_316,WMC1496602,D24,AB7283,TGGCTAT,SB347,GTGATCGC,,1,Peri_RGS5,GSM5837322,CD90+,Forearm skin,Skin,pt03002,Homo sapiens,316,1154,2755,1154,2755,712,25.843920145190562,Pericytes
WMC1518879_319,WMC1518879,N24,AB7341,TGAAGCT,SB349,ACCGATGC,,1,Fibro_LGR5,GSM5837325,CD90+,Forearm skin,Skin,Ctrl010,Homo sapiens,319,831,1815,831,1815,409,22.534435261707987,Fibroblasts
WMC1519263_320,WMC1519263,N24,AB7342,TGAAGCT,SB349,ATCGGTGT,,1,T_Effector,GSM5837326,CD45+,Forearm skin,Skin,pt02007,Homo sapiens,320,439,711,439,711,159,22.362869198312236,T cells
WMC1520415_323,WMC1520415,N24,AB7345,TGAAGCT,SB349,GGTAGACC,,1,Fibro_MYOC2,GSM5837329,CD90+,Forearm skin,Skin,pt01018,Homo sapiens,323,432,728,432,728,100,13.736263736263737,Fibroblasts
WMC1520794_324,WMC1520794,D24,AB7346,TGGCTAT,SB349,GCGAATTG,,1,Fibro_LGR5,GSM5837330,CD90+,Forearm skin,Skin,pt01016,Homo sapiens,324,1578,3495,1578,3495,515,14.735336194563661,Fibroblasts
WMC1521561_326,WMC1521561,B24,AB7348,TAGCCGA,SB349,GACGTCCG,,1,Fibro_COMP,GSM5837332,CD90+,Forearm skin,Skin,pt01017,Homo sapiens,326,1096,1961,1096,1961,267,13.615502294747579,Fibroblasts
WMC1559966_339,WMC1559966,L24,AB7448,ATTCGCG,SB352,CGATAGGA,,1,DC_CCL22,GSM5837345,CD45+,Forearm skin,Skin,pt03009,Homo sapiens,339,751,2065,751,2065,595,28.8135593220339,cDC
WMC1561888_344,WMC1561888,P24,AB7453,CACGTAT,SB352,CAGGTCGA,,1,sT,GSM5837350,CD45+,Forearm skin,Skin,Ctrl017,Homo sapiens,344,346,585,346,585,145,24.786324786324787,T cells
WMC1563039_347,WMC1563039,N24,AB7456,TGAAGCT,SB352,ACACGAGT,,1,Mast,GSM5837353,CD45+,Forearm skin,Skin,pt03011,Homo sapiens,347,779,1780,779,1780,463,26.01123595505618,Mast cells
WMC1564192_350,WMC1564192,P24,AB7459,CACGTAT,SB352,AACAGTCC,,1,Mf,GSM5837356,CD45+,Forearm skin,Skin,pt03012,Homo sapiens,350,828,1877,828,1877,384,20.458177943526902,Macrophages
WMC1564570_351,WMC1564570,D24,AB7460,TGGCTAT,SB352,ATCCAACG,,1,Fibro_MYOC2,GSM5837357,CD90+,Forearm skin,Skin,pt03010,Homo sapiens,351,1673,4727,1673,4727,1301,27.522741696636345,Fibroblasts
WMC1565728_354,WMC1565728,P24,AB7463,CACGTAT,SB352,ATCGTGCT,,1,sT,GSM5837360,CD45+,Forearm skin,Skin,Ctrl018,Homo sapiens,354,345,768,345,768,191,24.869791666666664,T cells
WMC1577247_363,WMC1577247,N24,AB7493,TGAAGCT,SB353,CGACTCGC,,1,NK,GSM5837369,CD45+,Forearm skin,Skin,pt03014,Homo sapiens,363,682,1189,682,1189,197,16.568544995794785,NK cells
WMC1578400_366,WMC1578400,P24,AB7496,CACGTAT,SB353,AGACCACT,,1,sT,GSM5837372,CD45+,Forearm skin,Skin,Ctrl019,Homo sapiens,366,552,949,552,949,134,14.120126448893572,T cells
WMC1579168_368,WMC1579168,P24,AB7498,CACGTAT,SB353,AGGATCGA,,1,T_Effector,GSM5837374,CD45+,Forearm skin,Skin,pt03015,Homo sapiens,368,814,1382,814,1382,149,10.781476121562953,T cells
WMC1602976_371,WMC1602976,P24,AB7560,CACGTAT,SB354,CCATGATC,,1,sT,GSM5837377,CD45+,Forearm skin,Skin,pt01020,Homo sapiens,371,378,690,378,690,102,14.782608695652174,T cells
WMC1603739_373,WMC1603739,F24,AB7562,TTACTGC,SB354,CACGGCGT,,1,sTreg,GSM5837379,CD45+,Forearm skin,Skin,pt03016,Homo sapiens,373,750,1257,750,1257,84,6.682577565632458,T cells
WMC1627551_375,WMC1627551,N24,AB7624,TGAAGCT,SB357,CAGCAGTT,,1,Peri_TGFBI,GSM5837381,CD90+,Forearm skin,Skin,-,Homo sapiens,375,1072,2105,1072,2105,446,21.187648456057005,Pericytes
WMC1629085_378,WMC1629085,J24,AB7628,ATTCAGC,SB357,TAGCAACG,,1,Peri_RGS5,GSM5837384,CD90+,Forearm skin,Skin,pt01019,Homo sapiens,378,479,922,479,922,250,27.114967462039047,Pericytes
WMC1629471_379,WMC1629471,N24,AB7629,TGAAGCT,SB357,CTCCGACC,,1,Fibro_MYOC2,GSM5837385,CD90+,Forearm skin,Skin,pt02008,Homo sapiens,379,2064,6383,2064,6383,1464,22.93592354692151,Fibroblasts
WMC1655200_383,WMC1655200,P24,AB7696,CACGTAT,SB358,CTGACCAC,,1,sT,GSM5837389,CD45+,Forearm skin,Skin,pt01021,Homo sapiens,383,522,1076,522,1076,284,26.394052044609666,T cells
WMC1656725_387,WMC1656725,J22,AB7700,CGCCATT,SB358,CAGGTCGA,,1,Fibro_POSTN_PTGDS,GSM5837393,CD90+,Forearm skin,Skin,Ctrl014,Homo sapiens,387,706,1201,706,1201,201,16.736053288925895,Fibroblasts
WMC1658656_392,WMC1658656,P24,AB7705,CACGTAT,SB358,ATCGGTGT,,1,sT,GSM5837398,CD45+,Forearm skin,Skin,pt01022,Homo sapiens,392,513,1047,513,1047,274,26.170009551098378,T cells
WMC1673631_399,WMC1673631,N24,AB7744,TGAAGCT,SB360,ACGGCTAC,,1,sTreg,GSM5837405,CD45+,Forearm skin,Skin,pt01023,Homo sapiens,399,1450,3149,1450,3149,245,7.780247697681804,T cells
WMC1676700_407,WMC1676700,H24,AB7752,GGACATT,SB360,TGCGGAAC,,1,DC_XCR1,GSM5837413,CD45+,Forearm skin,Skin,pt02010,Homo sapiens,407,1437,4718,1437,4718,964,20.43238660449343,cDC
WMC1677084_408,WMC1677084,H24,AB7753,GGACATT,SB360,CACGGCGT,,1,DC,GSM5837414,CD45+,Forearm skin,Skin,pt02009,Homo sapiens,408,1613,5223,1613,5223,960,18.380241240666283,cDC
WMC1677472_409,WMC1677472,P24,AB7754,CACGTAT,SB360,GTGAGATC,,1,Peri_RGS5,GSM5837415,CD90+,Forearm skin,Skin,pt01025,Homo sapiens,409,442,801,442,801,231,28.83895131086142,Pericytes
WMC1677856_410,WMC1677856,P24,AB7755,CACGTAT,SB360,ATGGTACC,,1,Fibro_LGR5,GSM5837416,CD90+,Forearm skin,Skin,pt01024,Homo sapiens,410,1780,4378,1780,4378,825,18.84422110552764,Fibroblasts
WMC1679392_414,WMC1679392,P24,AB7759,CACGTAT,SB360,CGGACGGT,,1,DC,GSM5837420,CD45+,Forearm skin,Skin,pt01026,Homo sapiens,414,1083,3536,1083,3536,985,27.85633484162896,cDC
WMC1680544_417,WMC1680544,P24,AB7762,CACGTAT,SB360,CACAGCTC,,1,sT,GSM5837423,CD45+,Forearm skin,Skin,pt01027,Homo sapiens,417,609,1261,609,1261,330,26.16970658207772,T cells
WMC1681312_419,WMC1681312,P24,AB7764,CACGTAT,SB360,ACATGGCT,,1,sT,GSM5837425,CD45+,Forearm skin,Skin,pt03017,Homo sapiens,419,451,867,451,867,144,16.608996539792386,T cells
WMC1713184_429,WMC1713184,P24,AB7847,CACGTAT,SB363,ACGGCTAC,,1,NK_XCL1_CXCR4,GSM5837435,CD45+,Forearm skin,Skin,pt01028,Homo sapiens,429,885,1905,885,1905,331,17.3753280839895,NK cells
WMC1714717_433,WMC1714717,J24,AB7851,ATTCAGC,SB363,TCCGTACT,,1,sT_Effector,GSM5837439,CD45+,Forearm skin,Skin,pt01029,Homo sapiens,433,712,1386,712,1386,322,23.232323232323232,T cells
WMC1715867_436,WMC1715867,F24,AB7854,TTACTGC,SB363,CCATGATC,,1,DC_XCR1,GSM5837442,CD45+,Forearm skin,Skin,pt01030,Homo sapiens,436,1002,2628,1002,2628,769,29.26179604261796,cDC
WMC1717022_439,WMC1717022,L24,AB7857,ATTCGCG,SB363,GTGAGATC,,1,DC,GSM5837445,CD45+,Forearm skin,Skin,Ctrl020,Homo sapiens,439,1127,3232,1127,3232,861,26.63985148514851,cDC
WMC1718559_443,WMC1718559,N24,AB7861,TGAAGCT,SB363,GAGGCTGT,,1,Fibro_MYOC2,GSM5837449,CD90+,Forearm skin,Skin,pt03018,Homo sapiens,443,439,795,439,795,194,24.40251572327044,Fibroblasts
WMC1783840_486,WMC1783840,P24,AB8031,CACGTAT,SB365,CTCATGTG,,1,Fibro_MYOC1,GSM5837492,CD90+,Forearm skin,Skin,pt01031,Homo sapiens,486,758,1738,758,1738,482,27.73302646720368,Fibroblasts
WMC1788447_498,WMC1788447,N24,AB8043,TGAAGCT,SB365,ACATGGCT,,1,Fibro_LGR5,GSM5837504,CD90+,Forearm skin,Skin,pt01032,Homo sapiens,498,890,2337,890,2337,611,26.144629867351306,Fibroblasts
WMC1789216_500,WMC1789216,P24,AB8045,CACGTAT,SB365,GACGGTAA,,1,DC,GSM5837506,CD45+,Forearm skin,Skin,pt01034,Homo sapiens,500,992,3310,992,3310,921,27.82477341389728,cDC
WMC1789597_501,WMC1789597,J24,AB8046,ATTCAGC,SB365,GAGGTACT,,1,sT,GSM5837507,CD45+,Forearm skin,Skin,pt01035,Homo sapiens,501,521,1032,521,1032,252,24.418604651162788,T cells
WMC1790368_503,WMC1790368,P24,AB8048,CACGTAT,SB365,AGTTCGGA,,1,sT,GSM5837509,CD45+,Forearm skin,Skin,pt02001,Homo sapiens,503,629,1322,629,1322,316,23.903177004538577,T cells
WMC1790750_504,WMC1790750,L24,AB8049,ATTCGCG,SB365,TGTAGCAG,,1,Fibro_PTGDS,GSM5837510,CD90+,Forearm skin,Skin,Ctrl021,Homo sapiens,504,1178,3054,1178,3054,747,24.459724950884087,Fibroblasts
WMC1791134_505,WMC1791134,L24,AB8050,ATTCGCG,SB365,GCCTGTTA,,1,sT,GSM5837511,CD45+,Forearm skin,Skin,pt03019,Homo sapiens,505,669,1967,669,1967,578,29.384850025419418,T cells
WMC1791517_506,WMC1791517,J24,AB8051,ATTCAGC,SB365,AGTCCGAG,,1,Peri_RGS5,GSM5837512,CD90+,Forearm skin,Skin,Ctrl023,Homo sapiens,506,1027,2521,1027,2521,727,28.83776279254264,Pericytes
WMC1791899_507,WMC1791899,F24,AB8052,TTACTGC,SB365,CTTCATCG,,1,Fibro_LGR5,GSM5837513,CD90+,Forearm skin,Skin,Ctrl022,Homo sapiens,507,1251,3835,1251,3835,1057,27.5619295958279,Fibroblasts
WMC1894044_517,WMC1894044,H24,AB8319,GGACATT,SB372,CGCACCTG,,1,Fibro_COMP,GSM5837523,CD90+,Forearm skin,Skin,pt03013,Homo sapiens,517,791,1814,791,1814,477,26.295479603087102,Fibroblasts
WMC1895200_520,WMC1895200,P24,AB8322,CACGTAT,SB372,TGCGGAAC,,1,Fibro_MYOC1,GSM5837526,CD90+,Forearm skin,Skin,pt01036,Homo sapiens,520,1038,2584,1038,2584,611,23.645510835913313,Fibroblasts
WMC1898269_528,WMC1898269,J24,AB8330,ATTCAGC,SB372,GAGTCGTG,,1,DC,GSM5837534,CD45+,Forearm skin,Skin,pt01037,Homo sapiens,528,717,1915,717,1915,491,25.63968668407311,cDC
WMC1943967_533,WMC1943967,N24,AB8449,TGAAGCT,SB377,ACGGCTAC,,1,sT,GSM5837539,CD90+,Forearm skin,Skin,pt03020,Homo sapiens,533,476,1054,476,1054,306,29.03225806451613,T cells
WMC1944736_535,WMC1944736,P24,AB8451,CACGTAT,SB377,GGAAGTGC,,1,Peri_RGS5,GSM5837541,CD90+,Forearm skin,Skin,pt03021,Homo sapiens,535,939,1732,939,1732,299,17.263279445727484,Pericytes
WMC1946272_539,WMC1946272,P24,AB8455,CACGTAT,SB377,CCATGATC,,1,B,GSM5837545,CD45+,Forearm skin,Skin,pt02011,Homo sapiens,539,598,1165,598,1165,212,18.19742489270386,B cells
WMC1951642_549,WMC1951642,D24,AB8469,TGGCTAT,SB377,GGTAGACC,,1,Peri_TGFBI,GSM5837555,CD90+,Forearm skin,Skin,pt03022,Homo sapiens,549,474,806,474,806,141,17.49379652605459,Pericytes
WMC1960478_572,WMC1960478,L24,AB8492,ATTCGCG,SB377,GGATACGC,,1,Vascular_ACKR1,GSM5837578,CD90+,Forearm skin,Skin,pt03023,Homo sapiens,572,915,1747,915,1747,276,15.798511734401831,Vascular endothelial cells
WMC1961632_575,WMC1961632,P24,AB8495,CACGTAT,SB377,GTGTCTGA,,1,sT,GSM5837581,CD45+,Forearm skin,Skin,Ctrl025,Homo sapiens,575,690,1470,690,1470,355,24.149659863945576,T cells
WMC1962400_577,WMC1962400,P24,AB8497,CACGTAT,SB377,CATCCGGA,,1,DC,GSM5837583,CD45+,Forearm skin,Skin,Ctrl024,Homo sapiens,577,1035,2487,1035,2487,485,19.50140731805388,cDC
WMC2031136_587,WMC2031136,P24,AB8676,CACGTAT,SB382,GCTGCCGA,CTGCGATG,1,Fibro_LGR5,GSM5837593,CD90+,Forearm skin,Skin,pt01038,Homo sapiens,587,1561,3342,1561,3342,592,17.713943746259726,Fibroblasts
WMC2031904_589,WMC2031904,P24,AB8678,CACGTAT,SB382,CGGCCTCA,ACGTGAGT,1,Fibro_LGR5,GSM5837595,CD90+,Forearm skin,Skin,Ctrl026,Homo sapiens,589,1492,3658,1492,3658,711,19.436850738108255,Fibroblasts
WMC2032670_591,WMC2032670,L24,AB8680,ATTCGCG,SB382,CTAGGCAA,GCAGCATT,1,Fibro_POSTN,GSM5837597,CD90+,Forearm skin,Skin,Ctrl027,Homo sapiens,591,758,1310,758,1310,190,14.50381679389313,Fibroblasts
WMC2064159_594,WMC2064159,N24,AB8762,TGAAGCT,SB383,GTCACTGT,TAACGGCT,1,Fibro_LGR5,GSM5837600,CD90+,Forearm skin,Skin,Ctrl028,Homo sapiens,594,2583,6753,2583,6753,703,10.410188064563899,Fibroblasts
WMC2068380_605,WMC2068380,H24,AB8773,GGACATT,SB383,GCTGCCGA,CTGCGATG,1,Mf,GSM5837611,CD45+,Forearm skin,Skin,Ctrl029,Homo sapiens,605,819,1855,819,1855,480,25.87601078167116,Macrophages
WMC2070304_609,WMC2070304,P24,AB8778,CACGTAT,SB383,CTAGGCAA,GCAGCATT,1,Fibro_LGR5,GSM5837615,CD90+,Forearm skin,Skin,Ctrl030,Homo sapiens,609,1258,2661,1258,2661,555,20.856820744081173,Fibroblasts
WMC2072203_614,WMC2072203,F20,AB8783,TCCATGC,SB383,CCTCGGAA,CATCGAAC,1,pDC_CXCR4,GSM5837620,CD45+,Forearm skin,Skin,pt01014,Homo sapiens,614,673,1199,673,1199,267,22.26855713094245,pDC
WMC2072989_616,WMC2072989,J24,AB8785,ATTCAGC,SB383,TACTGACG,CCATGAAC,1,Fibro_Bad,GSM5837622,CD45+,Forearm skin,Skin,pt03025,Homo sapiens,616,737,1611,737,1611,226,14.028553693358162,Fibroblasts
WMC2121759_620,WMC2121759,N24,AB8912,TGAAGCT,SB385,CGTCGTTA,GCCGGAAT,1,Fibro_POSTN,GSM5837626,CD90+,Forearm skin,Skin,Ctrl032,Homo sapiens,620,602,1186,602,1186,339,28.583473861720066,Fibroblasts
WMC2122144_621,WMC2122144,P24,AB8913,CACGTAT,SB385,CGGCCTCA,ACGTGAGT,1,Fibro_MYOC1,GSM5837627,CD90+,Forearm skin,Skin,Ctrl033,Homo sapiens,621,434,827,434,827,245,29.62515114873035,Fibroblasts
WMC2123680_625,WMC2123680,P24,AB8917,CACGTAT,SB385,TACTGACG,CCATGAAC,1,Treg,GSM5837631,CD45+,Forearm skin,Skin,pt03027,Homo sapiens,625,630,968,630,968,114,11.776859504132231,T cells
WMC2124064_626,WMC2124064,P24,AB8918,CACGTAT,SB385,GCTGTCAT,GACCTCCT,1,Peri_RGS5,GSM5837632,CD90+,Forearm skin,Skin,pt02012,Homo sapiens,626,708,1141,708,1141,104,9.114811568799299,Pericytes
WMC2124448_627,WMC2124448,P24,AB8919,CACGTAT,SB385,CTCTAGCA,GGCTCGTA,1,Fibro_LGR5,GSM5837633,CD90+,Forearm skin,Skin,Ctrl034,Homo sapiens,627,868,1836,868,1836,249,13.562091503267974,Fibroblasts
WMC2130208_630,WMC2130208,P24,AB8934,CACGTAT,SB385,GTCCACTG,TACCGCTG,1,Fibro_POSTN,GSM5837636,CD45+,Forearm skin,Skin,pt01039,Homo sapiens,630,1835,4067,1835,4067,503,12.36783870174576,Fibroblasts
WMC2130589_631,WMC2130589,J24,AB8935,ATTCAGC,SB385,CAGGTCGA,AGGCCGTG,1,Peri_RGS5,GSM5837637,CD90+,Forearm skin,Skin,pt03026,Homo sapiens,631,617,1034,617,1034,194,18.762088974854933,Pericytes
WMC2130974_632,WMC2130974,L24,AB8936,ATTCGCG,SB385,AGCGCTCG,GGTCGCCA,1,Mf,GSM5837638,CD90+,Forearm skin,Skin,pt03006,Homo sapiens,632,1158,3223,1158,3223,939,29.134346881787152,Macrophages
WMC2131354_633,WMC2131354,D24,AB8937,TGGCTAT,SB385,GCGAATTG,CAATCCGC,1,DC_XCR1,GSM5837639,CD90+,Forearm skin,Skin,pt03024,Homo sapiens,633,1176,3386,1176,3386,804,23.74483165977555,cDC
WMC2131738_634,WMC2131738,D24,AB8938,TGGCTAT,SB385,ACACGAGT,ATAGCGCA,1,sT,GSM5837640,CD45+,Forearm skin,Skin,Ctrl031,Homo sapiens,634,588,1066,588,1066,258,24.202626641651033,T cells
WMC2193181_643,WMC2193181,J24,AB9098,ATTCAGC,SB388,CCATCGAC,CGACATCA,1,Fibro_LGR5,GSM5837649,CD90+,Forearm skin,Skin,Ctrl036,Homo sapiens,643,951,1936,951,1936,202,10.433884297520661,Fibroblasts
WMC2194709_647,WMC2194709,J22,AB9102,CGCCATT,SB388,GCTGCCGA,CTGCGATG,1,Fibro_POSTN,GSM5837653,CD90+,Forearm skin,Skin,pt03005,Homo sapiens,647,1161,2513,1161,2513,355,14.126541981695183,Fibroblasts
WMC2196639_652,WMC2196639,N24,AB9107,TGAAGCT,SB388,TACTGACG,CCATGAAC,1,Fibro_PTGDS,GSM5837658,CD90+,Forearm skin,Skin,Ctrl038,Homo sapiens,652,1037,2535,1037,2535,636,25.088757396449708,Fibroblasts
WMC2197024_653,WMC2197024,P24,AB9108,CACGTAT,SB388,GAGTGTCT,CTACACGG,1,T_Naive,GSM5837659,CD45+,Forearm skin,Skin,Ctrl035,Homo sapiens,653,732,1548,732,1548,299,19.315245478036175,T cells
WMC2197405_654,WMC2197405,J24,AB9109,ATTCAGC,SB388,TACCTTGG,CGGAACTG,1,Peri_RGS5,GSM5837660,CD90+,Forearm skin,Skin,pt01040,Homo sapiens,654,2031,4092,2031,4092,577,14.100684261974585,Pericytes
WMC2197789_655,WMC2197789,J24,AB9110,ATTCAGC,SB388,CTTGAGGT,CGAGGAAT,1,Plasma,GSM5837661,CD45+,Forearm skin,Skin,pt01042,Homo sapiens,655,1795,16377,1795,16377,1586,9.684313366306405,Plasma cells
WMC2199712_660,WMC2199712,P24,AB9115,CACGTAT,SB388,CCACCGTT,GTGATCCG,1,NK,GSM5837666,CD45+,Forearm skin,Skin,pt01043,Homo sapiens,660,602,1063,602,1063,186,17.497648165569142,NK cells
WMC2200096_661,WMC2200096,P24,AB9116,CACGTAT,SB388,GTGCGACG,CCGATCTA,1,sT,GSM5837667,CD45+,Forearm skin,Skin,Ctrl037,Homo sapiens,661,395,697,395,697,151,21.664275466284074,T cells
WMC2289181_666,WMC2289181,J24,AB9348,ATTCAGC,SB391,CGGCCTCA,ACGTGAGT,1,Fibro_MYOC1,GSM5837672,CD90+,Forearm skin,Skin,Ctrl039,Homo sapiens,666,1078,2757,1078,2757,753,27.31229597388466,Fibroblasts
WMC2289950_668,WMC2289950,L24,AB9350,ATTCGCG,SB391,CCATCGAC,CGACATCA,1,Vascular_ACKR1,GSM5837674,CD45+,Forearm skin,Skin,pt01044,Homo sapiens,668,745,1406,745,1406,221,15.718349928876243,Vascular endothelial cells
WMC2290336_669,WMC2290336,P24,AB9351,CACGTAT,SB391,GTACCTTG,GATCACTG,1,Fibro_LGR5,GSM5837675,CD90+,Forearm skin,Skin,pt01045,Homo sapiens,669,1614,3477,1614,3477,459,13.201035375323556,Fibroblasts
WMC2291477_672,WMC2291477,J22,AB9354,CGCCATT,SB391,GCTGCCGA,CTGCGATG,1,Fibro_MYOC2,GSM5837678,CD90+,Forearm skin,Skin,pt01046,Homo sapiens,672,748,2033,748,2033,599,29.463846532218398,Fibroblasts
WMC2291870_673,WMC2291870,L24,AB9355,ATTCGCG,SB391,TCGCAGTG,CGGTAACT,1,Fibro_COMP,GSM5837679,CD90+,Forearm skin,Skin,Ctrl042,Homo sapiens,673,1282,3031,1282,3031,689,22.731771692510723,Fibroblasts
WMC2292252_674,WMC2292252,H24,AB9356,GGACATT,SB391,CAACTGCC,CAACGTGA,1,Fibro_LGR5,GSM5837680,CD90+,Forearm skin,Skin,Ctrl041,Homo sapiens,674,573,1168,573,1168,160,13.698630136986301,Fibroblasts
WMC2292611_675,WMC2292611,F18,AB9357,TAGAGCC,SB391,CTAGGCAA,GCAGCATT,1,Fibro_MYOC2,GSM5837681,CD90+,Forearm skin,Skin,Ctrl040,Homo sapiens,675,371,728,371,728,143,19.642857142857142,Fibroblasts
WMC2294548_680,WMC2294548,H22,AB9362,CGGTATT,SB391,CGTCGTTA,GCCGGAAT,1,Fibro_LGR5,GSM5837686,CD90+,Forearm skin,Skin,Ctrl043,Homo sapiens,680,455,816,455,816,158,19.362745098039216,Fibroblasts
WMC2316832_684,WMC2316832,P24,AB9420,CACGTAT,SB392,GTACCTTG,GATCACTG,1,Fibro_LGR5,GSM5837690,CD90+,Forearm skin,Skin,Ctrl047,Homo sapiens,684,543,977,543,977,190,19.447287615148415,Fibroblasts
WMC2317213_685,WMC2317213,J24,AB9421,ATTCAGC,SB392,CCATCGAC,CGACATCA,1,DC,GSM5837691,CD45+,Forearm skin,Skin,pt03028,Homo sapiens,685,528,1074,528,1074,192,17.877094972067038,cDC
WMC2317598_686,WMC2317598,L24,AB9422,ATTCGCG,SB392,TACCTTGG,CGGAACTG,1,Fibro_MYOC1,GSM5837692,CD90+,Forearm skin,Skin,Ctrl046,Homo sapiens,686,937,2097,937,2097,559,26.657129232236525,Fibroblasts
WMC2317981_687,WMC2317981,J24,AB9423,ATTCAGC,SB392,GCCTTAGT,GAATGCGG,1,Fibro_LGR5,GSM5837693,CD90+,Forearm skin,Skin,Ctrl050,Homo sapiens,687,505,1066,505,1066,259,24.296435272045027,Fibroblasts
WMC2318364_688,WMC2318364,H24,AB9424,GGACATT,SB392,CTTGAGGT,CGAGGAAT,1,Fibro_LGR5,GSM5837694,CD90+,Forearm skin,Skin,Ctrl049,Homo sapiens,688,513,941,513,941,140,14.87778958554729,Fibroblasts
WMC2319898_689,WMC2319898,D24,AB9428,TGGCTAT,SB392,CCTCGGAA,CATCGAAC,1,Fibro_MYOC1,GSM5837695,CD90+,Forearm skin,Skin,Ctrl048,Homo sapiens,689,604,1277,604,1277,325,25.450274079874706,Fibroblasts
WMC2320286_690,WMC2320286,L24,AB9429,ATTCGCG,SB392,GCTGCCGA,CTGCGATG,1,Fibro_LGR5,GSM5837696,CD90+,Forearm skin,Skin,Ctrl044,Homo sapiens,690,515,886,515,886,143,16.13995485327314,Fibroblasts
WMC2320669_691,WMC2320669,J24,AB9430,ATTCAGC,SB392,GTGCGACG,CCGATCTA,1,Fibro_LGR5,GSM5837697,CD90+,Forearm skin,Skin,Ctrl003,Homo sapiens,691,805,1738,805,1738,448,25.776754890678944,Fibroblasts
WMC2322196_695,WMC2322196,H22,AB9434,CGGTATT,SB392,AACACCGT,TAGCATCC,1,Peri_TGFBI,GSM5837701,CD90+,Forearm skin,Skin,Ctrl009,Homo sapiens,695,426,826,426,826,232,28.087167070217916,Pericytes
WMC2589472_698,WMC2589472,P24,AB10130,CACGTAT,SB400,CCATCGAC,CGACATCA,1,Fibro_LGR5,GSM5836981,CD90+,Forearm skin,Skin,Ctrl052,Homo sapiens,698,619,1455,619,1455,350,24.054982817869416,Fibroblasts
WMC2592544_706,WMC2592544,P24,AB10138,CACGTAT,SB400,AGCGCTCG,GGTCGCCA,1,Fibro_LGR5,GSM5836989,CD90+,Forearm skin,Skin,Ctrl051,Homo sapiens,706,671,1557,671,1557,467,29.993577392421322,Fibroblasts
WMC2593305_708,WMC2593305,B24,AB10140,TAGCCGA,SB400,ACACGAGT,ATAGCGCA,1,Fibro_LGR5,GSM5836991,CD90+,Forearm skin,Skin,Ctrl053,Homo sapiens,708,491,1006,491,1006,239,23.757455268389663,Fibroblasts
WMC2593885_710,WMC2593885,J23,AB10142,CATCTGG,SB400,AACAGTCC,GCGGATAA,1,Fibro_MYOC1,GSM5836993,CD45+,Forearm skin,Skin,pt03029,Homo sapiens,710,1083,2402,1083,2402,447,18.609492089925062,Fibroblasts
WMC2595608_714,WMC2595608,P22,AB10146,TCGTAGC,SB400,TTGGAGCA,GCGAGGAT,1,Fibro_MYOC1,GSM5836997,CD90+,Forearm skin,Skin,GVHD_Li001,Homo sapiens,714,723,1569,723,1569,454,28.935627788400254,Fibroblasts
WMC2598685_722,WMC2598685,J24,AB10154,ATTCAGC,SB400,ACGAAGGT,CCTTGAGG,1,Fibro_LGR5,GSM5837005,CD90+,Forearm skin,Skin,pt01033,Homo sapiens,722,804,2151,804,2151,633,29.428172942817294,Fibroblasts
